LH,RF,LF,RH
0.005533333333333362,0.005533333333333362,-0.13219999999999993,-0.13219999999999993
0.009330796557275173,0.009330796557275173,-0.6240025367760582,-0.6240025367760582
0.013128252944994895,0.013128252944994895,-0.6202050803883387,-0.6202050803883387
0.01692570805212261,0.01692570805212261,-0.6164076252812108,-0.6164076252812108
0.020723169975034192,0.020723169975034192,-0.6126101633582991,-0.6126101633582991
0.024520640902780944,0.024520640902780944,-0.6088126924305525,-0.6088126924305525
0.0283181280435479,0.0283181280435479,-0.6050152052897857,-0.6050152052897857
0.032116946057001786,0.032116946057001786,-0.6012163872763316,-0.6012163872763316
0.035917002779924156,0.035917002779924156,-0.5974163305534094,-0.5974163305534094
0.03971722751927065,0.03971722751927065,-0.5936161058140628,-0.5936161058140628
0.0435168300413082,0.0435168300413082,-0.5898165032920253,-0.5898165032920253
0.04731527565262328,0.04731527565262328,-0.5860180576807102,-0.5860180576807102
0.051112259238126984,0.051112259238126984,-0.5822210740952066,-0.5822210740952066
0.05490767841413424,0.05490767841413424,-0.5784256549191992,-0.5784256549191992
0.05870160592714148,0.05870160592714148,-0.574631727406192,-0.574631727406192
0.06249426140304798,0.06249426140304798,-0.5708390719302855,-0.5708390719302855
0.06628598252839052,0.06628598252839052,-0.5670473508049428,-0.5670473508049428
0.07007719572569537,0.07007719572569537,-0.5632561376076382,-0.5632561376076382
0.07386838637014789,0.07386838637014789,-0.5594649469631857,-0.5594649469631857
0.07766006858520513,0.07766006858520513,-0.5556732647481283,-0.5556732647481283
0.08145275465113433,0.08145275465113433,-0.5518805786821991,-0.5518805786821991
0.0852469240632549,0.0852469240632549,-0.5480864092700786,-0.5480864092700786
0.08904299228629309,0.08904299228629309,-0.5442903410470404,-0.5442903410470404
0.09284127936155143,0.09284127936155143,-0.540492053971782,-0.540492053971782
0.09664112112361997,0.09664112112361997,-0.5366922122097135,-0.5366922122097135
0.10044137900410546,0.10044137900410546,-0.5328919543292279,-0.5328919543292279
0.1042411948690745,0.1042411948690745,-0.529092138464259,-0.529092138464259
0.10803997251406906,0.10803997251406906,-0.5252933608192644,-0.5252933608192644
0.1118373518408647,0.1118373518408647,-0.5214959814924687,-0.5214959814924687
0.1156331821114493,0.1156331821114493,-0.5177001512218841,-0.5177001512218841
0.11942749441825266,0.11942749441825266,-0.5139058389150808,-0.5139058389150808
0.1232204734830208,0.1232204734830208,-0.5101128598503126,-0.5101128598503126
0.12701242887256334,0.12701242887256334,-0.5063209044607702,-0.5063209044607702
0.13080376569895888,0.13080376569895888,-0.5025295676343746,-0.5025295676343746
-0.12091445592383314,-0.12091445592383314,-0.4987383784777689,-0.4987383784777689
-0.1030539412961846,-0.1030539412961846,-0.4949468305042052,-0.4949468305042052
-0.08520544146531148,-0.08520544146531148,-0.4911544122102478,-0.4911544122102478
-0.06737655988016521,-0.06737655988016521,-0.48736063800506035,-0.48736063800506035
-0.04957518781162305,-0.04957518781162305,-0.483565079448129,-0.483565079448129
-0.03180882079399304,-0.03180882079399304,-0.4797672182007511,-0.4797672182007511
-0.014086693283082402,-0.014086693283082402,-0.4759669018390539,-0.4759669018390539
0.0035746017997709267,0.0035746017997709267,-0.4721655614773711,-0.4721655614773711
0.02115957989390227,0.02115957989390227,-0.46836441393671513,-0.46836441393671513
0.03865441805485256,0.03865441805485256,-0.46456434496626275,-0.46456434496626275
0.056046812049281136,0.056046812049281136,-0.46076593903673335,-0.46076593903673335
0.07332582002148408,0.07332582002148408,-0.4569695103660725,-0.4569695103660725
0.090481695655805,0.090481695655805,-0.45317513497377215,-0.45317513497377215
0.10750571361404054,0.10750571361404054,-0.4493826835996414,-0.4493826835996414
0.12438998986899,0.12438998986899,-0.4455918553598468,-0.4455918553598468
0.14112729940128257,0.14112729940128257,-0.4418022120460018,-0.4418022120460018
0.15771089359033627,0.15771089359033627,-0.4380132130005865,-0.4380132130005865
0.1741343195224143,0.1741343195224143,-0.43422425052284885,-0.43422425052284885
0.19039124336648186,0.19039124336648186,-0.43043468577253996,-0.43043468577253996
0.20647527993578588,0.20647527993578588,-0.4266438851435057,-0.4266438851435057
0.22237983056011126,0.22237983056011126,-0.42285125707459637,-0.42285125707459637
0.2380979314372981,0.2380979314372981,-0.419056289251041,-0.419056289251041
0.2536223457970205,0.2536223457970205,-0.4152585292059212,-0.4152585292059212
0.2689427801531644,0.2689427801531644,-0.411458282520226,-0.411458282520226
0.28404452354460397,0.28404452354460397,-0.407657014174595,-0.407657014174595
0.2989143305339397,0.2989143305339397,-0.40385592834755146,-0.40385592834755146
0.313540630547091,0.313540630547091,-0.4000559014141135,-0.4000559014141135
0.3279133389585609,0.3279133389585609,-0.3962575114938083,-0.3962575114938083
0.34202366456467403,0.34202366456467403,-0.39246106921840085,-0.39246106921840085
0.3558639165143501,0.3558639165143501,-0.3886666495183664,-0.3886666495183664
0.36942731350214253,0.36942731350214253,-0.3848741242659123,-0.3848741242659123
0.38270779777673336,0.38270779777673336,-0.3810831956487045,-0.3810831956487045
0.39569985629209636,0.39569985629209636,-0.37729343018079,-0.37729343018079
0.40839835113664225,0.40839835113664225,-0.37350429328419255,-0.37350429328419255
0.4207983612226337,0.4207983612226337,-0.36971518439509654,-0.36971518439509654
0.4328950371050164,0.4328950371050164,-0.36592547256144237,-0.36592547256144237
0.4446834707233164,0.4446834707233164,-0.3621345325032652,-0.3621345325032652
0.4561585818165744,0.4561585818165744,-0.35834178110256454,-0.35834178110256454
0.4673150227406109,0.4673150227406109,-0.3545467142753358,-0.3545467142753358
0.4781475232087724,0.4781475232087724,-0.3507487946483038,-0.3507487946483038
0.48864913222811257,0.48864913222811257,-0.34694809145138616,-0.34694809145138616
0.4988090372766918,0.4988090372766918,-0.34314621500817133,-0.34314621500817133
0.5086178569270469,0.5086178569270469,-0.3393445127466358,-0.3393445127466358
0.5180677814022393,0.5180677814022393,-0.3355439719653547,-0.3355439719653547
0.5271523472033341,0.5271523472033341,-0.3317452517524473,-0.3317452517524473
0.5358662186296613,0.5358662186296613,-0.3279487162654171,-0.3279487162654171
0.544204979274868,0.544204979274868,-0.32415446913731927,-0.32415446913731927
0.5521649361773211,0.5521649361773211,-0.320362388820974,-0.320362388820974
0.5597429389433342,0.5597429389433342,-0.316572164726557,-0.316572164726557
0.5669362158537734,0.5669362158537734,-0.31278333404696623,-0.31278333404696623
0.5737422287117353,0.5737422287117353,-0.3089953191982814,-0.3089953191982814
0.5801585479896466,0.5801585479896466,-0.305207465827979,-0.305207465827979
0.5861827496826273,0.5861827496826273,-0.30141908136013695,-0.30141908136013695
0.5918123351620209,0.5918123351620209,-0.2976294740536588,-0.2976294740536588
0.5970446752361812,0.5970446752361812,-0.29383799254572085,-0.29383799254572085
0.6018769795495752,0.6018769795495752,-0.29004406583754716,-0.29004406583754716
0.6063063256072935,0.6063063256072935,-0.2862472137829266,-0.2862472137829266
0.6103295028025382,0.6103295028025382,-0.2824472498908863,-0.2824472498908863
0.6139419618696662,0.6139419618696662,-0.2786456321667832,-0.2786456321667832
0.6171400141409931,0.6171400141409931,-0.274843812458759,-0.274843812458759
0.619921081946004,0.619921081946004,-0.27104287589410014,-0.27104287589410014
0.6222834864117206,0.6222834864117206,-0.2672435721087335,-0.2672435721087335
0.6242262515208851,0.6242262515208851,-0.26344634790648125,-0.26344634790648125
0.6257489267892801,0.6257489267892801,-0.2596513811021186,-0.2596513811021186
0.6268514304781692,0.6268514304781692,-0.25585861534827903,-0.25585861534827903
0.6275339148771065,0.6275339148771065,-0.2520677957902143,-0.2520677957902143
0.6277966548769159,0.6277966548769159,-0.24827850543245164,-0.24827850543245164
0.6276399607985955,0.6276399607985955,-0.24449020213579523,-0.24449020213579523
0.6270641162433908,0.6270641162433908,-0.24070225619047644,-0.24070225619047644
0.6260693415711635,0.6260693415711635,-0.23691398843029507,-0.23691398843029507
0.6246557834846016,0.6246557834846016,-0.23312470886228406,-0.23312470886228406
0.6228235310798421,0.6228235310798421,-0.22933375578586948,-0.22933375578586948
0.6205726586022114,0.6205726586022114,-0.22554053536401666,-0.22554053536401666
0.6179032950000347,0.6179032950000347,-0.22174456158520703,-0.22174456158520703
0.614815960043934,0.614815960043934,-0.2179457730674397,-0.2179457730674397
0.6113126109352992,0.6113126109352992,-0.21414536564401324,-0.21414536564401324
0.6073960232238129,0.6073960232238129,-0.2103445923464494,-0.2103445923464494
0.6030693729978197,0.6030693729978197,-0.20654439237671438,-0.20654439237671438
0.598336095194951,0.598336095194951,-0.20274541795406556,-0.20274541795406556
0.5931997623862661,0.5931997623862661,-0.19894806236939303,-0.19894806236939303
0.5876639850315021,0.5876639850315021,-0.19515248905445828,-0.19515248905445828
0.5817323338748333,0.5817323338748333,-0.19135866150690908,-0.19135866150690908
0.5754082848789637,0.5754082848789637,-0.1875663739439455,-0.1875663739439455
0.5686951868749041,0.5686951868749041,-0.18377528258659867,-0.18377528258659867
0.5615962519272462,0.5615962519272462,-0.17998493750156316,-0.17998493750156316
0.5541145682699888,0.5541145682699888,-0.17619481494728342,-0.17619481494728342
0.5462531355442896,0.5462531355442896,-0.17240435018465025,-0.17240435018465025
0.5380149219544004,0.5380149219544004,-0.16861297071940348,-0.16861297071940348
0.5294029428384077,0.5294029428384077,-0.16482012994255138,-0.16482012994255138
0.5204203600133338,0.5204203600133338,-0.16102534112629083,-0.16102534112629083
0.5110704748400824,0.5110704748400824,-0.1572281614082011,-0.1572281614082011
0.501357224130349,0.501357224130349,-0.1534283727154704,-0.1534283727154704
0.4912887984106292,0.4912887984106292,-0.1496272846017829,-0.1496272846017829
0.4808739365241689,0.4808739365241689,-0.1458261553296232,-0.1458261553296232
0.4701210810494739,0.4701210810494739,-0.14202591349529206,-0.14202591349529206
0.45903829757628667,0.45903829757628667,-0.13822718698636557,-0.13822718698636557
0.44763321938477285,0.44763321938477285,-0.13443033318764255,-0.13443033318764255
0.43591301731533716,0.43591301731533716,-0.13063547023056768,-0.13063547023056768
0.4238843943540479,0.4238843943540479,-0.12684250911928222,-0.12684250911928222
0.4115536042603972,0.4115536042603972,-0.12305118660254485,-0.12305118660254485
0.3989264934173967,0.3989264934173967,-0.11926109869323412,-0.11926109869323412
0.38600856497422964,0.38600856497422964,-0.11547173476461708,-0.11547173476461708
0.37280506426386273,0.37280506426386273,-0.11168251217385813,-0.11168251217385813
0.35932108439670496,0.35932108439670496,-0.10789281137734749,-0.10789281137734749
0.3455616908417224,0.3455616908417224,-0.1041020115084712,-0.1041020115084712
0.33153206369440436,0.33153206369440436,-0.100309526385746,-0.100309526385746
0.3172376561840775,0.3172376561840775,-0.09651484090725204,-0.09651484090725204
0.3026841521655159,0.3026841521655159,-0.09271749197390614,-0.09271749197390614
0.28787902733760573,0.28787902733760573,-0.08891746009689067,-0.08891746009689067
0.2728356861952409,0.2728356861952409,-0.08511617177963579,-0.08511617177963579
0.2575674258809697,0.2575674258809697,-0.08131490438554345,-0.08131490438554345
0.24208658873091335,0.24208658873091335,-0.07751459835222899,-0.07751459835222899
0.2264045619613582,0.2264045619613582,-0.07371588688289887,-0.07371588688289887
0.21053180263551527,0.21053180263551527,-0.06991912691231106,-0.06991912691231106
0.1944778864700021,0.1944778864700021,-0.06612443113550581,-0.06612443113550581
0.1782515789033606,0.1782515789033606,-0.06233170092756529,-0.06233170092756529
0.16186092676807753,0.16186092676807753,-0.0585406600205117,-0.0585406600205117
0.1453133688657929,0.1453133688657929,-0.054750888837453215,-0.054750888837453215
0.12861586372517528,0.12861586372517528,-0.05096185941280651,-0.05096185941280651
0.11177503280667744,0.11177503280667744,-0.04717297084963268,-0.04717297084963268
0.09479731739281272,0.09479731739281272,-0.04338358527975536,-0.04338358527975536
0.07768914735311289,0.07768914735311289,-0.03959306429849238,-0.03959306429849238
0.06045711988841504,0.06045711988841504,-0.03580080584280859,-0.03580080584280859
0.0431081862308656,0.0431081862308656,-0.03200628146889806,-0.03200628146889806
0.025649474918184395,0.025649474918184395,-0.02820899387327594,-0.02820899387327594
0.00808924986567025,0.00808924986567025,-0.024408681210387972,-0.024408681210387972
-0.009555872141817412,-0.009555872141817412,-0.020606862506705514,-0.020606862506705514
-0.027269464503683477,-0.027269464503683477,-0.01680497511972054,-0.01680497511972054
-0.04503668816283296,-0.04503668816283296,-0.013004086958289918,-0.013004086958289918
-0.06284420603858164,-0.06284420603858164,-0.009204928325397488,-0.009204928325397488
-0.08068007483704645,-0.08068007483704645,-0.005407925188743307,-0.005407925188743307
-0.09853361691971887,-0.09853361691971887,-0.0016132336316652118,-0.0016132336316652118
-0.11639527488722334,-0.11639527488722334,0.002179224715767203,0.002179224715767203
-0.6273636069127306,-0.6273636069127306,0.005969726420602561,0.005969726420602561
-0.6235746240532258,-0.6235746240532258,0.009758709280107511,0.009758709280107511
-0.619786598609793,-0.619786598609793,0.013546734723540371,0.013546734723540371
-0.6159988836987843,-0.6159988836987843,0.017334449634549,0.017334449634549
-0.6122107857060011,-0.6122107857060011,0.021122547627332275,0.021122547627332275
-0.6084216035327079,-0.6084216035327079,0.024911729800625268,0.024911729800625268
-0.6046306683382155,-0.6046306683382155,0.028702664995117755,0.028702664995117755
-0.6008373837405663,-0.6008373837405663,0.03249594959276693,0.03249594959276693
-0.5970412657789822,-0.5970412657789822,0.03629206755435112,0.03629206755435112
-0.5932421766932214,-0.5932421766932214,0.040091156640111994,0.040091156640111994
-0.5894413491905898,-0.5894413491905898,0.043891984142743506,0.043891984142743506
-0.5856401407386814,-0.5856401407386814,0.047693192594652045,0.047693192594652045
-0.5818395717572566,-0.5818395717572566,0.051493761576076616,0.051493761576076616
-0.5780403541019581,-0.5780403541019581,0.05529297923137527,0.05529297923137527
-0.574242920861193,-0.574242920861193,0.05909041247214031,0.05909041247214031
-0.5704474572503486,-0.5704474572503486,0.06288587608298474,0.06288587608298474
-0.5666539324257823,-0.5666539324257823,0.06667940090755095,0.06667940090755095
-0.562862132077753,-0.562862132077753,0.07047120125558026,0.07047120125558026
-0.5590716916949945,-0.5590716916949945,0.07426164163833884,0.07426164163833884
-0.5552821304225777,-0.5552821304225777,0.07805120291075567,0.07805120291075567
-0.5514928854578338,-0.5514928854578338,0.08184044787549966,0.08184044787549966
-0.5477033469453426,-0.5477033469453426,0.08562998638799059,0.08562998638799059
-0.5439128933404583,-0.5439128933404583,0.08942043999287508,0.08942043999287508
-0.5401209272107736,-0.5401209272107736,0.09321240612255977,0.09321240612255977
-0.5363269114357683,-0.5363269114357683,0.097006421897565,0.097006421897565
-0.532530401055111,-0.532530401055111,0.10080293227822235,0.10080293227822235
-0.5287312241360077,-0.5287312241360077,0.10460210919732565,0.10460210919732565
-0.5249305488475446,-0.5249305488475446,0.10840278448578872,0.10840278448578872
-0.5211296305907542,-0.5211296305907542,0.11220370274257913,0.11220370274257913
-0.5173294049315414,-0.5173294049315414,0.1160039284017919,0.1160039284017919
-0.5135305152328626,-0.5135305152328626,0.11980281810047068,0.11980281810047068
-0.5097333415103528,-0.5097333415103528,0.12359999182298055,0.12359999182298055
-0.5059380303141429,-0.5059380303141429,0.12739530301919047,0.12739530301919047
-0.5021445254748098,-0.5021445254748098,0.13118880785852352,0.13118880785852352
-0.49835259958490363,-0.49835259958490363,-0.11909675018364708,-0.11909675018364708
-0.4945618861178449,-0.4945618861178449,-0.10124135280359113,-0.10124135280359113
-0.4907719121118925,-0.4907719121118925,-0.08340653533782177,-0.08340653533782177
-0.48698213136723534,-0.48698213136723534,-0.06559956953389223,-0.06559956953389223
-0.483191958118097,-0.483191958118097,-0.04782753948093306,-0.04782753948093306
-0.47940080114826866,-0.47940080114826866,-0.030097512343767785,-0.030097512343767785
-0.475608098317021,-0.475608098317021,-0.012416709191349296,-0.012416709191349296
-0.471813351452394,-0.471813351452394,0.005207326199383827,0.005207326199383827
-0.4680161140438518,-0.4680161140438518,0.02276678195111545,0.02276678195111545
-0.4642162875701378,-0.4642162875701378,0.04025221700066833,0.04025221700066833
-0.46041521436125965,-0.46041521436125965,0.05764761459633663,0.05764761459633663
-0.456614134051745,-0.456614134051745,0.07493759292826296,0.07493759292826296
-0.45281395928248347,-0.45281395928248347,0.09210843843762798,0.09210843843762798
-0.44901530457269034,-0.44901530457269034,0.10914795768684873,0.10914795768684873
-0.44521851642556765,-0.44521851642556765,0.12604531739732203,0.12604531739732203
-0.4414237044656065,-0.4414237044656065,0.14279087558725959,0.14279087558725959
-0.43763077344321655,-0.43763077344321655,0.15937600658316628,0.15937600658316628
-0.43383945597799767,-0.43383945597799767,0.1757929225091939,0.1757929225091939
-0.43004934594394784,-0.43004934594394784,0.19203449369458028,0.19203449369458028
-0.42625993242689386,-0.42625993242689386,0.20809407029362362,0.20809407029362362
-0.42247063420525444,-0.42247063420525444,0.22396530729462769,0.22396530729462769
-0.41868083471891304,-0.41868083471891304,0.2396419950104862,0.2396419950104862
-0.41488991749663984,-0.41488991749663984,0.25511789709695665,0.25511789709695665
-0.4110973020094748,-0.4110973020094748,0.2703865981349558,0.2703865981349558
-0.4073024799052438,-0.4073024799052438,0.28544136283665866,0.28544136283665866
-0.4035049800451098,-0.4035049800451098,0.300275286097166,0.300275286097166
-0.39970482116195516,-0.39970482116195516,0.31487957399437594,0.31487957399437594
-0.39590345949002104,-0.39590345949002104,0.3292401532829341,0.3292401532829341
-0.39210216807482445,-0.39210216807482445,0.3433441270199571,0.3433441270199571
-0.3883018817252114,-0.3883018817252114,0.3571803042779902,0.3571803042779902
-0.384503226959341,-0.384503226959341,0.3707390019543354,0.3707390019543354
-0.3807065532262506,-0.3807065532262506,0.3840118444474617,0.3840118444474617
-0.37691196519036374,-0.37691196519036374,0.39699156435843796,0.39699156435843796
-0.3731193559068948,-0.3731193559068948,0.40967180707910544,0.40967180707910544
-0.36932844075439,-0.36932844075439,0.42204694184987257,0.42204694184987257
-0.36553879202496675,-0.36553879202496675,0.4341118816206999,0.4341118816206999
-0.3617498741017324,-0.3617498741017324,0.44586191383732143,0.44586191383732143
-0.35796107917513753,-0.35796107917513753,0.45729254410521214,0.45729254410521214
-0.3541717634645749,-0.3541717634645749,0.46839935455661164,0.46839935455661164
-0.35038128391748646,-0.35038128391748646,0.47917787865792283,0.47917787865792283
-0.346589035354832,-0.346589035354832,0.4896234941393647,0.4896234941393647
-0.34279448801846146,-0.34279448801846146,0.49973133569603323,0.49973133569603323
-0.3389971363561646,-0.3389971363561646,0.5094964540506011,0.5094964540506011
-0.33519673697660235,-0.33519673697660235,0.5189132452559264,0.5189132452559264
-0.3313948401145551,-0.3313948401145551,0.5279719979045683,0.5279719979045683
-0.3275928927156414,-0.3275928927156414,0.5366640100789855,0.5366640100789855
-0.32379196923756215,-0.32379196923756215,0.5449821383947924,0.5449821383947924
-0.31999280378174644,-0.31999280378174644,0.5529205676297206,0.5529205676297206
-0.316195823664541,-0.316195823664541,0.5604745888261062,0.5604745888261062
-0.31240118417723306,-0.31240118417723306,0.5676403889733788,0.5676403889733788
-0.30860880433237303,-0.30860880433237303,0.5744148549410033,0.5744148549410033
-0.3048184034397159,-0.3048184034397159,0.5807953939456146,0.5807953939456146
-0.30102953839661517,-0.30102953839661517,0.5867797725060359,0.5867797725060359
-0.29724164161318045,-0.29724164161318045,0.5923659755689688,0.5923659755689688
-0.29345405952042913,-0.29345405952042913,0.5975520872739801,0.5975520872739801
-0.28966609162877854,-0.28966609162877854,0.6023361946625738,0.6023361946625738
-0.28587703011340304,-0.28587703011340304,0.6067163155124592,0.6067163155124592
-0.2820861999013732,-0.2820861999013732,0.6106903513812879,0.6106903513812879
-0.2782929992223493,-0.2782929992223493,0.6142560668580299,0.6142560668580299
-0.2744969405275375,-0.2744969405275375,0.6174110959512863,0.6174110959512863
-0.27069802248626507,-0.27069802248626507,0.6201527557850101,0.6201527557850101
-0.26689750721611394,-0.26689750721611394,0.6224778818629811,0.6224778818629811
-0.26309665736940147,-0.26309665736940147,0.6243840920893915,0.6243840920893915
-0.25929641817363613,-0.25929641817363613,0.6258698997266964,0.6258698997266964
-0.2554974446284475,-0.2554974446284475,0.6269345352609688,0.6269345352609688
-0.2517001299234125,-0.2517001299234125,0.6275777838289899,0.6275777838289899
-0.24790463488093598,-0.24790463488093598,0.6277998400472802,0.6277998400472802
-0.2441109182626863,-0.2441109182626863,0.627601181728037,0.627601181728037
-0.2403187678108815,-0.2403187678108815,0.6269824636614779,0.6269824636614779
-0.23652783192552015,-0.23652783192552015,0.6259444323878234,0.6259444323878234
-0.23273765190421,-0.23273765190421,0.6244878626711721,0.6244878626711721
-0.22894769469145496,-0.22894769469145496,0.6226135162150603,0.6226135162150603
-0.22515738609817762,-0.22515738609817762,0.620322123016437,0.620322123016437
-0.22136614445909256,-0.22136614445909256,0.6176143856301733,0.6176143856301733
-0.21757341469463867,-0.21757341469463867,0.6144910064976836,0.6144910064976836
-0.21377870273503394,-0.21377870273503394,0.6109527383674748,0.6109527383674748
-0.2099815739149741,-0.2099815739149741,0.6070004179086371,0.6070004179086371
-0.20618190719958887,-0.20618190719958887,0.6026353059289107,0.6026353059289107
-0.2023809890240972,-0.2023809890240972,0.5978606904141889,0.5978606904141889
-0.19858003532989268,-0.19858003532989268,0.5926805431645242,0.5926805431645242
-0.1947799417877296,-0.1947799417877296,0.5870990927310717,0.5870990927310717
-0.19098131209289795,-0.19098131209289795,0.581120691597348,0.581120691597348
-0.18718448746732316,-0.18718448746732316,0.5747497057882578,0.5747497057882578
-0.18338957717285767,-0.18338957717285767,0.5679904276632367,0.5679904276632367
-0.17959648987620394,-0.17959648987620394,0.5608470123285034,0.5608470123285034
-0.1758049657400584,-0.1758049657400584,0.5533234378432772,0.5533234378432772
-0.17201460914571562,-0.17201460914571562,0.5454234891880057,0.5454234891880057
-0.1682249219782311,-0.1682249219782311,0.5371507657988441,0.5371507657988441
-0.16443533742517938,-0.16443533742517938,0.5285087123395797,0.5285087123395797
-0.16064525425311307,-0.16064525425311307,0.519500672266564,0.519500672266564
-0.15685407153121209,-0.15685407153121209,0.5101299636298093,0.5101299636298093
-0.15306122376865575,-0.15306122376865575,0.5003999764301503,0.5003999764301503
-0.14926621642044932,-0.14926621642044932,0.49031429070432153,0.49031429070432153
-0.14546859785575064,-0.14546859785575064,0.47987663599352604,0.47987663599352604
-0.14166852051568887,-0.14166852051568887,0.46909253280774255,0.46909253280774255
-0.1378673931821773,-0.1378673931821773,0.45797149721967667,0.45797149721967667
-0.13406640502267933,-0.13406640502267933,0.4465230647829621,0.4465230647829621
-0.13026642287590431,-0.13026642287590431,0.4347563502759162,0.4347563502759162
-0.12646802025820655,-0.12646802025820655,0.4226799851548291,0.4226799851548291
-0.12267150757011744,-0.12267150757011744,0.41030208034956617,0.41030208034956617
-0.11887696330696515,-0.11887696330696515,0.39763021393404663,0.39763021393404663
-0.11508426611493933,-0.11508426611493933,0.38467144297472666,0.38467144297472666
-0.11129312756900742,-0.11129312756900742,0.371432338690843,0.371432338690843
-0.10750312558031977,-0.10750312558031977,0.3579190439373393,0.3579190439373393
-0.10371373836681255,-0.10371373836681255,0.34413735192994843,0.34413735192994843
-0.09992437894049452,-0.09992437894049452,0.3300928050568268,0.3300928050568268
-0.09613443007743486,-0.09613443007743486,0.3157908125471298,0.3157908125471298
-0.09234327974089748,-0.09234327974089748,0.30123678567979106,0.30123678567979106
-0.08855035692378016,-0.08855035692378016,0.2864362891022215,0.2864362891022215
-0.08475516786296494,-0.08475516786296494,0.2713952066775007,0.2713952066775007
-0.08095722375311623,-0.08095722375311623,0.2561194793424878,0.2561194793424878
-0.0771567650655518,-0.0771567650655518,0.24061808777626195,0.24061808777626195
-0.07335530005201726,-0.07335530005201726,0.22490549408687452,0.22490549408687452
-0.06955406093859598,-0.06955406093859598,0.20899545535164873,0.20899545535164873
-0.06575394369244572,-0.06575394369244572,0.19290066056125307,0.19290066056125307
-0.061955538333857446,-0.061955538333857446,0.17663274941314058,0.17663274941314058
-0.05815916050031547,-0.05815916050031547,0.16020235589508694,0.16020235589508694
-0.054364884053585444,-0.054364884053585444,0.1436191749767257,0.1436191749767257
-0.05057257456174288,-0.05057257456174288,0.12689205062540124,0.12689205062540124
-0.0467819235263614,-0.0467819235263614,0.11002908331298614,0.11002908331298614
-0.042992483259163716,-0.042992483259163716,0.09303775516405946,0.09303775516405946
-0.03920370234087436,-0.03920370234087436,0.07592507089515457,0.07592507089515457
-0.03541496161656313,-0.03541496161656313,0.05869771269308838,0.05869771269308838
-0.03162561069538419,-0.03162561069538419,0.04136220716249245,0.04136220716249245
-0.027835004927393575,-0.027835004927393575,0.023925102425982336,0.023925102425982336
-0.024042542825372937,-0.024042542825372937,0.006393153374392002,0.006393153374392002
-0.02024770388471797,-0.02024770388471797,-0.01122648706794352,-0.01122648706794352
-0.016449949229567884,-0.016449949229567884,-0.028926714922275193,-0.028926714922275193
-0.01264923125677811,-0.01264923125677811,-0.04669808177230626,-0.04669808177230626
-0.008847191645746322,-0.008847191645746322,-0.06452313538597797,-0.06452313538597797
-0.0050452472010357186,-0.0050452472010357186,-0.08238535194810592,-0.08238535194810592
-0.0012444423983334896,-0.0012444423983334896,-0.10026988520371083,-0.10026988520371083
0.0025545180285113933,0.0025545180285113933,-0.11816346170311706,-0.11816346170311706
0.006351235077298734,0.006351235077298734,-0.6269820982560349,-0.6269820982560349
0.010145580293072026,0.010145580293072026,-0.6231877530402616,-0.6231877530402616
0.013937659609523534,0.013937659609523534,-0.61939567372381,-0.61939567372381
0.01772777636993085,0.01772777636993085,-0.6156055569634027,-0.6156055569634027
0.021516393639657613,0.021516393639657613,-0.611816939693676,-0.611816939693676
0.025304095886891212,0.025304095886891212,-0.6080292374464423,-0.6080292374464423
0.02909155008076625,0.02909155008076625,-0.6042417832525673,-0.6042417832525673
0.03287946623760363,0.03287946623760363,-0.6004538670957301,-0.6004538670957301
0.03666855743777321,0.03666855743777321,-0.5966647758955602,-0.5966647758955602
0.04045949933855916,0.04045949933855916,-0.5928738339947744,-0.5928738339947744
0.044252889223054995,0.044252889223054995,-0.5890804441102786,-0.5890804441102786
0.048049203650152764,0.048049203650152764,-0.5852841296831809,-0.5852841296831809
0.0518482936692503,0.0518482936692503,-0.5814850396640833,-0.5814850396640833
0.05564883010153364,0.05564883010153364,-0.5776845032317999,-0.5776845032317999
0.05944959644104847,0.05944959644104847,-0.5738837368922852,-0.5738837368922852
0.06324968776575039,0.06324968776575039,-0.5700836455675833,-0.5700836455675833
0.06704848364639819,0.06704848364639819,-0.5662848496869354,-0.5662848496869354
0.07084561986942475,0.07084561986942475,-0.5624877134639087,-0.5624877134639087
0.07464095916316599,0.07464095916316599,-0.5586923741701676,-0.5586923741701676
0.07843456108323565,0.07843456108323565,-0.554898772250098,-0.554898772250098
0.0822266511809171,0.0822266511809171,-0.5511066821524164,-0.5511066821524164
0.0860175895496014,0.0860175895496014,-0.5473157437837322,-0.5473157437837322
0.08980783881975624,0.08980783881975624,-0.5435254945135775,-0.5435254945135775
0.09359793165372027,0.09359793165372027,-0.5397354016796134,-0.5397354016796134
0.09738843777869362,0.09738843777869362,-0.53594489555464,-0.53594489555464
0.10117993059039601,0.10117993059039601,-0.5321534027429375,-0.5321534027429375
0.1049729533616281,0.1049729533616281,-0.5283603799717054,-0.5283603799717054
0.10876798509986363,0.10876798509986363,-0.5245653482334701,-0.5245653482334701
0.11256547060165584,0.11256547060165584,-0.5207678627316777,-0.5207678627316777
0.11636539599725501,0.11636539599725501,-0.5169679373360786,-0.5169679373360786
0.12016640794525019,0.12016640794525019,-0.5131669253880834,-0.5131669253880834
0.12396732546761897,0.12396732546761897,-0.5093660078657146,-0.5093660078657146
0.12776728593544112,0.12776728593544112,-0.5055660473978925,-0.5055660473978925
0.13156571649771215,0.13156571649771215,-0.5017676168356214,-0.5017676168356214
-0.11729894683222766,-0.11729894683222766,-0.49797102901016255,-0.49797102901016255
-0.09942623713134333,-0.09942623713134333,-0.494176367485585,-0.494176367485585
-0.08158019113134082,-0.08158019113134082,-0.4903835181494183,-0.4903835181494183
-0.06376933390174203,-0.06376933390174203,-0.48659220151924054,-0.48659220151924054
-0.046001539322676144,-0.046001539322676144,-0.4828020056734472,-0.4828020056734472
-0.0282841974776685,-0.0282841974776685,-0.47901241973987296,-0.47901241973987296
-0.010624386233906977,-0.010624386233906977,-0.47522286789528845,-0.47522286789528845
0.0069709550661657405,0.0069709550661657405,-0.471432743841095,-0.471432743841095
0.024494851875849433,0.024494851875849433,-0.46764144572500543,-0.46764144572500543
0.04194012278648615,0.04194012278648615,-0.46384841147448974,-0.46384841147448974
0.05929921212237407,0.05929921212237407,-0.460053154494776,-0.460053154494776
0.07656437615754821,0.07656437615754821,-0.45625522306268296,-0.45625522306268296
0.0937242969936152,0.0937242969936152,-0.4524549526297431,-0.4524549526297431
0.11076282783791694,0.11076282783791694,-0.44865377575024457,-0.44865377575024457
0.12766529355319048,0.12766529355319048,-0.4448528480144871,-0.4448528480144871
0.14441866587046595,0.14441866587046595,-0.44105300509827017,-0.44105300509827017
0.16101140337082517,0.16101140337082517,-0.437254791961459,-0.437254791961459
0.17743328193233118,0.17743328193233118,-0.43345849322634167,-0.43345849322634167
0.1936752185818982,0.1936752185818982,-0.4296641645432213,-0.4296641645432213
0.20972909150768979,0.20972909150768979,-0.4258716647880443,-0.4258716647880443
0.22558755880145,0.22558755880145,-0.4220806889717321,-0.4220806889717321
0.2412438783263853,0.2412438783263853,-0.4182908017717296,-0.4182908017717296
0.25669173095607434,0.25669173095607434,-0.4145014716218458,-0.4145014716218458
0.27192504931142814,0.27192504931142814,-0.41071210531558733,-0.41071210531558733
0.2869378540403935,0.2869378540403935,-0.4069220830899366,-0.4069220830899366
0.3017240996402252,0.3017240996402252,-0.4031307941600819,-0.4031307941600819
0.31627753181247686,0.31627753181247686,-0.39933767267033315,-0.39933767267033315
0.330591558360955,0.330591558360955,-0.3955422340118565,-0.3955422340118565
0.3446596249793722,0.3446596249793722,-0.39174397808692474,-0.39174397808692474
0.3584718474519364,0.3584718474519364,-0.3879433222335713,-0.3879433222335713
0.3720146681171085,0.3720146681171085,-0.3841417918434863,-0.3841417918434863
0.3852762107293294,0.3852762107293294,-0.38034059264859144,-0.38034059264859144
0.39824624521790764,0.39824624521790764,-0.3765405951145723,-0.3765405951145723
0.41091598227406223,0.41091598227406223,-0.3727423650373445,-0.3727423650373445
0.42327786833279635,0.42327786833279635,-0.3689461953770691,-0.3689461953770691
0.4353253840417187,0.4353253840417187,-0.36515213912292765,-0.36515213912292765
0.4470528489934972,0.4470528489934972,-0.36136004302302993,-0.36136004302302993
0.4584552352086756,0.4584552352086756,-0.3575695820522149,-0.3575695820522149
0.4695279916016891,0.4695279916016891,-0.35378029452449944,-0.35378029452449944
0.4802668814513579,0.4802668814513579,-0.3499916177850706,-0.3499916177850706
0.49066783473014375,0.49066783473014375,-0.3462029244378112,-0.3462029244378112
0.5007268170225283,0.5007268170225283,-0.3424135590773246,-0.3424135590773246
0.5104397166767038,0.5104397166767038,-0.33862287549840187,-0.33862287549840187
0.5198022517770536,0.5198022517770536,-0.3348302743501559,-0.3348302743501559
0.5288098984858941,0.5288098984858941,-0.33103524118606775,-0.33103524118606775
0.5374582339186099,0.5374582339186099,-0.32723720907826626,-0.32723720907826626
0.5457413913503097,0.5457413913503097,-0.32343627038580547,-0.32343627038580547
0.5536504792383874,0.5536504792383874,-0.3196341158279815,-0.3196341158279815
0.5611780290485646,0.5611780290485646,-0.3158321496620886,-0.3158321496620886
0.5683180314152083,0.5683180314152083,-0.3120314023156514,-0.3120314023156514
0.5750657040103225,0.5750657040103225,-0.3082325633945243,-0.3082325633945243
0.5814172705172901,0.5814172705172901,-0.30443601611063387,-0.30443601611063387
0.5873697536706609,0.5873697536706609,-0.3006418728798158,-0.3006418728798158
0.5929207848738811,0.5929207848738811,-0.2968500118899966,-0.2968500118899966
0.5980684325150483,0.5980684325150483,-0.29306011448695723,-0.29306011448695723
0.6028110507718222,0.6028110507718222,-0.2892717032670725,-0.2892717032670725
0.6071471504305569,0.6071471504305569,-0.28548418080201465,-0.28548418080201465
0.611075293036917,0.611075293036917,-0.2816968689479177,-0.2816968689479177
0.6145940095370109,0.6145940095370109,-0.27790904870965283,-0.27790904870965283
0.6177017444471882,0.6177017444471882,-0.27412000063854625,-0.27412000063854625
0.6203968264918159,0.6203968264918159,-0.2703290457382077,-0.2703290457382077
0.6226774665538549,0.6226774665538549,-0.2665355868374061,-0.2665355868374061
0.6245417822206403,0.6245417822206403,-0.2627391536928231,-0.2627391536928231
0.625987675173322,0.625987675173322,-0.25893999568980286,-0.25893999568980286
0.6270131477986126,0.6270131477986126,-0.2551394703666344,-0.2551394703666344
0.627617053063564,0.627617053063564,-0.25133876680862743,-0.25133876680862743
0.6277990029968109,0.6277990029968109,-0.24753876643123876,-0.24753876643123876
0.6275592020181722,0.6275592020181722,-0.24374006994985906,-0.24374006994985906
0.626898297104243,0.626898297104243,-0.2399430255140448,-0.2399430255140448
0.6258172463755003,0.6258172463755003,-0.23614775782092942,-0.23614775782092942
0.6243172073538479,0.6243172073538479,-0.23235419805557686,-0.23235419805557686
0.6223994458530521,0.6223994458530521,-0.2285621145373253,-0.2285621145373253
0.6200652662259444,0.6200652662259444,-0.22477114397934947,-0.22477114397934947
0.6173159634964318,0.6173159634964318,-0.2209808232925494,-0.2209808232925494
0.6141527977434782,0.6141527977434782,-0.21719062188342556,-0.21719062188342556
0.6105769909685503,0.6105769909685503,-0.21339997440792438,-0.21339997440792438
0.6065897465562375,0.6065897465562375,-0.20960831394860133,-0.20960831394860133
0.6021922913174561,0.6021922913174561,-0.20581510558023478,-0.20581510558023478
0.597385939972789,0.597385939972789,-0.2020198802787753,-0.2020198802787753
0.5921720588945458,0.5921720588945458,-0.19822218293205499,-0.19822218293205499
0.5865528979456144,0.5865528979456144,-0.19442210888679964,-0.19442210888679964
0.5805330860103539,0.5805330860103539,-0.19062104013685296,-0.19062104013685296
0.5741176781425936,0.5741176781425936,-0.18682013980478976,-0.18682013980478976
0.5673118472777018,0.5673118472777018,-0.18302025324153573,-0.18302025324153573
0.5601207651706802,0.5601207651706802,-0.17922193679776396,-0.17922193679776396
0.5525495067854624,0.5525495067854624,-0.17542548777316777,-0.17542548777316777
0.5446029786332602,0.5446029786332602,-0.1716309753523105,-0.1716309753523105
0.5362858712570762,0.5362858712570762,-0.16783827237229312,-0.16783827237229312
0.527602635820033,0.527602635820033,-0.16404708780166624,-0.16404708780166624
0.518557484567403,0.518557484567403,-0.16025699984037647,-0.16025699984037647
0.5091544147844839,0.5091544147844839,-0.15646748957581316,-0.15646748957581316
0.4993972557514832,0.4993972557514832,-0.15267797514907114,-0.15267797514907114
0.4892897380882608,0.4892897380882608,-0.1488878463974648,-0.1488878463974648
0.4788355847715472,0.4788355847715472,-0.1450964999432733,-0.1450964999432733
0.46803862298093313,0.46803862298093313,-0.14130337469407808,-0.14130337469407808
0.45690291577382225,0.45690291577382225,-0.13750798770634534,-0.13750798770634534
0.4454326649900684,0.4454326649900684,-0.133709889555477,-0.133709889555477
0.4336349154439406,0.4336349154439406,-0.12990951773294437,-0.12990951773294437
0.4215202941160149,0.4215202941160149,-0.12610831160674937,-0.12610831160674937
0.40909909683272305,0.40909909683272305,-0.1223074111933283,-0.1223074111933283
0.3963810753536151,0.3963810753536151,-0.11850763741548911,-0.11850763741548911
0.38337539220591177,0.38337539220591177,-0.11470952143460797,-0.11470952143460797
0.37009060088543455,0.37009060088543455,-0.1109133351539893,-0.1109133351539893
0.3565346507097408,0.3565346507097408,-0.10711912270222518,-0.10711912270222518
0.342714915409289,0.342714915409289,-0.10332673274283435,-0.10332673274283435
0.3286382443995002,0.3286382443995002,-0.09953585149129898,-0.09953585149129898
0.3143110355757034,0.3143110355757034,-0.09574603635136128,-0.09574603635136128
0.29973932839889283,0.29973932839889283,-0.09195675010779397,-0.09195675010779397
0.2849289159771805,0.2849289159771805,-0.08816739563171086,-0.08816739563171086
0.26988547478092606,0.26988547478092606,-0.08437735106585448,-0.08437735106585448
0.25461471054476703,0.25461471054476703,-0.08058600546042552,-0.08058600546042552
0.23912251879459415,0.23912251879459415,-0.07679279482422532,-0.07679279482422532
0.2234151582816256,0.2234151582816256,-0.07299723854071452,-0.07299723854071452
0.20749881140051488,0.20749881140051488,-0.06919882804692523,-0.06919882804692523
0.1913840112314754,0.1913840112314754,-0.06539806507178045,-0.06539806507178045
0.17508597835426085,0.17508597835426085,-0.06159648393773842,-0.06159648393773842
0.15861887328517119,0.15861887328517119,-0.057795283257107116,-0.057795283257107116
0.14199568429105455,0.14199568429105455,-0.053995325615158296,-0.053995325615158296
0.12522826457792205,0.12522826457792205,-0.05019716839287475,-0.05019716839287475
0.10832739358299914,0.10832739358299914,-0.04640109582569446,-0.04640109582569446
0.09130286046555042,0.09130286046555042,-0.04260715209126206,-0.04260715209126206
0.07416356782470782,0.07416356782470782,-0.03881517526077499,-0.03881517526077499
0.05691765365229126,0.05691765365229126,-0.03502483198721951,-0.03502483198721951
0.03957262953638854,0.03957262953638854,-0.031235652837973776,-0.031235652837973776
0.022135533149130443,0.022135533149130443,-0.027447068207485353,-0.027447068207485353
0.004613093063044638,0.004613093063044638,-0.023658444766781167,-0.023658444766781167
-0.012988096069710756,-0.012988096069710756,-0.0198691224193632,-0.0198691224193632
-0.030661389984365114,-0.030661389984365114,-0.016078451736720956,-0.016078451736720956
-0.048399905011675765,-0.048399905011675765,-0.01228583184052437,-0.01228583184052437
-0.06619632425624147,-0.06619632425624147,-0.008490748682006166,-0.008490748682006166
-0.08404361448768924,-0.08404361448768924,-0.004692619649798752,-0.004692619649798752
-0.10193134444641276,-0.10193134444641276,-0.0008915741692616663,-0.0008915741692616663
-0.11984153403517457,-0.11984153403517457,0.0029106698120764107,0.0029106698120764107
-0.6266206345618538,-0.6266206345618538,0.006712698771479564,0.006712698771479564
-0.6228198569331015,-0.6228198569331015,0.010513476400231786,0.010513476400231786
-0.6190210230854738,-0.6190210230854738,0.01431231024785952,0.01431231024785952
-0.6152245163986132,-0.6152245163986132,0.01810881693472012,0.01810881693472012
-0.611430447147324,-0.611430447147324,0.021902886186009274,0.021902886186009274
-0.6076386894439163,-0.6076386894439163,0.025694643889417043,0.025694643889417043
-0.6038489190025866,-0.6038489190025866,0.029484414330746722,0.029484414330746722
-0.6000606516144921,-0.6000606516144921,0.03327268171884121,0.03327268171884121
-0.5962732822584279,-0.5962732822584279,0.03706005107490537,0.03706005107490537
-0.5924861248000097,-0.5924861248000097,0.040847208533323506,0.040847208533323506
-0.5886984522506902,-0.5886984522506902,0.04463488108264303,0.04463488108264303
-0.5849095375656904,-0.5849095375656904,0.04842379576764293,0.04842379576764293
-0.5811186949560815,-0.5811186949560815,0.05221463837725185,0.05221463837725185
-0.5773253216741,-0.5773253216741,0.05600801165923318,0.05600801165923318
-0.5735289438222467,-0.5735289438222467,0.05980438951108663,0.05980438951108663
-0.5697298318101112,-0.5697298318101112,0.0636035015232222,0.0636035015232222
-0.5659293510156274,-0.5659293510156274,0.06740398231770585,0.06740398231770585
-0.5621286838324415,-0.5621286838324415,0.0712046495008917,0.0712046495008917
-0.5583287068782151,-0.5583287068782151,0.07500462645511814,0.07500462645511814
-0.5545300178062411,-0.5545300178062411,0.07880331552709223,0.07880331552709223
-0.5507329632738854,-0.5507329632738854,0.08260037005944793,0.08260037005944793
-0.5469376678842788,-0.5469376678842788,0.08639566544905442,0.08639566544905442
-0.5431440639503062,-0.5431440639503062,0.09018926938302696,0.09018926938302696
-0.539351921960835,-0.539351921960835,0.09398141137249823,0.09398141137249823
-0.5355608816569534,-0.5355608816569534,0.09777245167637973,0.09777245167637973
-0.5317704836495758,-0.5317704836495758,0.10156284968375756,0.10156284968375756
-0.5279802015280777,-0.5279802015280777,0.10535313180525556,0.10535313180525556
-0.524189474421794,-0.524189474421794,0.1091438589115392,0.1091438589115392
-0.5203977399814907,-0.5203977399814907,0.11293559335184244,0.11293559335184244
-0.5166044677457241,-0.5166044677457241,0.11672886558760914,0.11672886558760914
-0.51280919284686,-0.51280919284686,0.12052414048647317,0.12052414048647317
-0.5090114541676933,-0.5090114541676933,0.12432187916563976,0.12432187916563976
-0.5052113402634114,-0.5052113402634114,0.12812199306992186,0.12812199306992186
-0.5014102407625232,-0.5014102407625232,0.13192309257080997,0.13192309257080997
-0.49760932124721835,-0.49760932124721835,-0.11559480571655502,-0.11559480571655502
-0.49380942842197806,-0.49380942842197806,-0.0976987723925512,-0.0976987723925512
-0.4900111190022406,-0.4900111190022406,-0.07982933486827125,-0.07982933486827125
-0.48621468978463056,-0.48621468978463056,-0.06199776686874067,-0.06199776686874067
-0.4824202087065207,-0.4824202087065207,-0.04421421635700121,-0.04421421635700121
-0.4786275467395189,-0.4786275467395189,-0.02648785748727274,-0.02648785748727274
-0.4748364104959184,-0.4748364104959184,-0.008827051622403478,-0.008827051622403478
-0.4710463754577353,-0.4710463754577353,0.008760484895862591,0.008760484895862591
-0.4672569197634042,-0.4672569197634042,0.026267508442663318,0.026267508442663318
-0.46346745850638316,-0.46346745850638316,0.04368707341818373,0.04368707341818373
-0.4596773785118853,-0.4596773785118853,0.061012357271060136,0.061012357271060136
-0.4558860735619128,-0.4558860735619128,0.07823648733143337,0.07823648733143337
-0.4520929800340615,-0.4520929800340615,0.09535237157734544,0.09535237157734544
-0.4482976129057127,-0.4482976129057127,0.11235253552481334,0.11235253552481334
-0.4444995218427339,-0.4444995218427339,0.1292293224427383,0.1292293224427383
-0.44069914227094453,-0.44069914227094453,0.1459711614057447,0.1459711614057447
-0.4368979189997073,-0.4368979189997073,0.16256221033498378,0.16256221033498378
-0.4330969975890202,-0.4330969975890202,0.1789882219621294,0.1789882219621294
-0.4292972034303636,-0.4292972034303636,0.19523660316964134,0.19523660316964134
-0.42549907114346974,-0.42549907114346974,0.211296245212693,0.211296245212693
-0.42170287514916993,-0.42170287514916993,0.2271573462182999,0.2271573462182999
-0.4179086612260743,-0.4179086612260743,0.2428112289424623,0.2428112289424623
-0.41411627889649927,-0.41411627889649927,0.25825015655803607,0.25825015655803607
-0.4103254145221156,-0.4103254145221156,0.2734671490412084,0.2734671490412084
-0.40653562502073126,-0.40653562502073126,0.2884558025365489,0.2884558025365489
-0.4027463721411749,-0.4027463721411749,0.30321011392000696,0.30321011392000696
-0.3989570572522466,-0.3989570572522466,0.317724312652794,0.317724312652794
-0.3951670566132196,-0.3951670566132196,0.33199270193021824,0.33199270193021824
-0.39137575709658656,-0.39137575709658656,0.3460095110782292,0.3460095110782292
-0.3875825923280145,-0.3875825923280145,0.3597687611332616,0.3597687611332616
-0.38378707919330113,-0.38378707919330113,0.3732641455513006,0.3732641455513006
-0.379988702000464,-0.379988702000464,0.38648945374373345,0.38648945374373345
-0.37618792677166035,-0.37618792677166035,0.39943513830011856,0.39943513830011856
-0.3723863017827238,-0.3723863017827238,0.41208836551935657,0.41208836551935657
-0.36858504166490313,-0.36858504166490313,0.4244380075979891,0.4244380075979891
-0.3647850221315815,-0.3647850221315815,0.4364745545724311,0.4364745545724311
-0.3609868109598122,-0.3609868109598122,0.44818990293361216,0.44818990293361216
-0.3571907002216893,-0.3571907002216893,0.4595771466357378,0.4595771466357378
-0.3533967395554508,-0.3533967395554508,0.4706303735726408,0.4706303735726408
-0.34960477030838966,-0.34960477030838966,0.4813444702575749,0.4813444702575749
-0.3458144604229455,-0.3458144604229455,0.4917149371359315,0.4917149371359315
-0.3420253399721209,-0.3420253399721209,0.5017377166946075,0.5017377166946075
-0.3382368372791372,-0.3382368372791372,0.5114090363118239,0.5114090363118239
-0.334448315577764,-0.334448315577764,0.5207252676180255,0.5207252676180255
-0.3306591101829619,-0.3306591101829619,0.5296828040091818,0.5296828040091818
-0.32686856614545534,-0.32686856614545534,0.538277957861857,0.538277957861857
-0.32307607635787927,-0.32307607635787927,0.5465068789351354,0.5465068789351354
-0.31928112006367015,-0.31928112006367015,0.5543654953950359,0.5543654953950359
-0.3154831182299801,-0.3154831182299801,0.5618498311150811,0.5618498311150811
-0.31168210329519197,-0.31168210329519197,0.5689547558031508,0.5689547558031508
-0.3078798018359503,-0.3078798018359503,0.5756724404272103,0.5756724404272103
-0.304077661811175,-0.304077661811175,0.5819964208251935,0.5819964208251935
-0.3002767485875315,-0.3002767485875315,0.5879216278109157,0.5879216278109157
-0.2964777785306111,-0.2964777785306111,0.5934441526373052,0.5934441526373052
-0.2926811540575378,-0.2926811540575378,0.5985610256568539,0.5985610256568539
-0.28888699989116695,-0.28888699989116695,0.6032700110687454,0.6032700110687454
-0.28509520030797786,-0.28509520030797786,0.6075694201694523,0.6075694201694523
-0.28130543722084256,-0.28130543722084256,0.611457945115483,0.611457945115483
-0.2775172289820067,-0.2775172289820067,0.6149345148672954,0.6149345148672954
-0.27372996982900066,-0.27372996982900066,0.6179981747107731,0.6179981747107731
-0.2699429699252437,-0.2699429699252437,0.6206479905408406,0.6206479905408406
-0.2661554959664655,-0.2661554959664655,0.6228829789305697,0.6228829789305697
-0.2623668123326065,-0.2623668123326065,0.6247020638846862,0.6247020638846862
-0.25857622276161807,-0.25857622276161807,0.6261040610721287,0.6261040610721287
-0.2547831125058424,-0.2547831125058424,0.6270876902291775,0.6270876902291775
-0.25098699194264396,-0.25098699194264396,0.6276516162050886,0.6276516162050886
-0.2471880566712372,-0.2471880566712372,0.6277945290774876,0.6277945290774876
-0.24338766207669246,-0.24338766207669246,0.627515587213012,0.627515587213012
-0.23958700631914817,-0.23958700631914817,0.6268147469338561,0.6268147469338561
-0.23578698156156916,-0.23578698156156916,0.6256926233962096,0.6256926233962096
-0.23198820057284822,-0.23198820057284822,0.6241503319301213,0.6241503319301213
-0.22819102449492526,-0.22819102449492526,0.6221893471250795,0.6221893471250795
-0.22439559158951364,-0.22439559158951364,0.6198113810736016,0.6198113810736016
-0.22060184681238773,-0.22060184681238773,0.6170182818540549,0.6170182818540549
-0.21680957209393395,-0.21680957209393395,0.6138119530537315,0.6138119530537315
-0.21301841723245626,-0.21301841723245626,0.6101942949008433,0.6101942949008433
-0.20922793133039216,-0.20922793133039216,0.6061671673837319,0.6061671673837319
-0.20543759472208575,-0.20543759472208575,0.6017323755789271,0.6017323755789271
-0.2016468513542379,-0.2016468513542379,0.5968916772767006,0.5968916772767006
-0.19785514158583875,-0.19785514158583875,0.5916468128719782,0.5916468128719782
-0.19406193537270391,-0.19406193537270391,0.5859995573676346,0.5859995573676346
-0.19026676579221838,-0.19026676579221838,0.5799517942034843,0.5799517942034843
-0.18646917505994678,-0.18646917505994678,0.5735054569131267,0.5735054569131267
-0.18266914057502956,-0.18266914057502956,0.5666633260205965,0.5666633260205965
-0.17886803683731375,-0.17886803683731375,0.5594311327718337,0.5594311327718337
-0.17506705483187598,-0.17506705483187598,0.5518150146772691,0.5518150146772691
-0.17126706363759928,-0.17126706363759928,0.5438211099809017,0.5438211099809017
-0.16746863934201642,-0.16746863934201642,0.5354554486435278,0.5354554486435278
-0.16367209515598138,-0.16367209515598138,0.5267238675341548,0.5267238675341548
-0.15987751253242413,-0.15987751253242413,0.5176319501291909,0.5176319501291909
-0.1560847731306567,-0.1560847731306567,0.5081849907264578,0.5081849907264578
-0.15229359150260838,-0.15229359150260838,0.49838798295116415,0.49838798295116415
-0.14850354840849142,-0.14850354840849142,0.4882456321531973,0.4882456321531973
-0.14471412469540615,-0.14471412469540615,0.4777623911568387,0.4777623911568387
-0.1409247356921615,-0.1409247356921615,0.4669425187113385,0.4669425187113385
-0.13713476608614614,-0.13713476608614614,0.45579015988905724,0.45579015988905724
-0.1333436052526051,-0.1333436052526051,0.44430944757242763,0.44430944757242763
-0.12955068300252207,-0.12955068300252207,0.4325046240472904,0.4325046240472904
-0.1257555057019493,-0.1257555057019493,0.42038018156498536,0.42038018156498536
-0.12195761866996016,-0.12195761866996016,0.40794077514474436,0.40794077514474436
-0.11815733886622445,-0.11815733886622445,0.39519372976060707,0.39519372976060707
-0.11435611365116888,-0.11435611365116888,0.3821505843197015,0.3821505843197015
-0.11055511791196376,-0.11055511791196376,0.3688225314951957,0.3688225314951957
-0.10675520316785903,-0.10675520316785903,0.3552201039250744,0.3552201039250744
-0.10295692695308081,-0.10295692695308081,0.34135314158235264,0.34135314158235264
-0.09916058339607495,-0.09916058339607495,0.32723078456119925,0.32723078456119925
-0.09536623479896744,-0.09536623479896744,0.3128614903608582,0.3128614903608582
-0.09157374405914001,-0.09157374405914001,0.2982530745657459,0.2982530745657459
-0.08778280781034631,-0.08778280781034631,0.2834127736932949,0.2834127736932949
-0.08399299019231499,-0.08399299019231499,0.26834732889572765,0.26834732889572765
-0.08020375718394315,-0.08020375718394315,0.2530630891418153,0.2530630891418153
-0.07641451145486855,-0.07641451145486855,0.23756613245399452,0.23756613245399452
-0.07262462770240802,-0.07262462770240802,0.2218624037198749,0.2218624037198749
-0.06883348844476592,-0.06883348844476592,0.2059578675214084,0.2059578675214084
-0.06504052023637591,-0.06504052023637591,0.18985867431749562,0.18985867431749562
-0.061245230256737365,-0.061245230256737365,0.17357133816696083,0.17357133816696083
-0.057447102126998884,-0.057447102126998884,0.15710230924001042,0.15710230924001042
-0.05364642920531887,-0.05364642920531887,0.14046164165600147,0.14046164165600147
-0.049844772870470816,-0.049844772870470816,0.12366519150012814,0.12366519150012814
-0.04604339031907123,-0.04604339031907123,0.1067278013668704,0.1067278013668704
-0.04224319450835384,-0.04224319450835384,0.08966302522187489,0.08966302522187489
-0.038444785219646616,-0.038444785219646616,0.07248317917224581,0.07248317917224581
-0.034648481403532244,-0.034648481403532244,0.05519941596372904,0.05519941596372904
-0.03085435459008007,-0.03085435459008007,0.037821821086959,0.037821821086959
-0.027062263190501368,-0.027062263190501368,0.020359528331438448,0.020359528331438448
-0.02327188755681822,-0.02327188755681822,0.002820852628842213,0.002820852628842213
-0.019482765701921895,-0.019482765701921895,-0.014786561943185006,-0.014786561943185006
-0.015694329612230135,-0.015694329612230135,-0.032455581087941526,-0.032455581087941526
-0.011905942107759165,-0.011905942107759165,-0.050179408209630114,-0.050179408209630114
-0.008116934218684757,-0.008116934218684757,-0.06795140338306489,-0.06795140338306489
-0.004326643052454643,-0.004326643052454643,-0.08576489545924568,-0.08576489545924568
-0.0005344501204823104,-0.0005344501204823104,-0.10361298946615788,-0.10361298946615788
0.0032601799221936567,0.0032601799221936567,-0.12148837158660546,-0.12148837158660546
0.007057796665392302,0.007057796665392302,-0.6262755366679412,-0.6262755366679412
0.010858596348652091,0.010858596348652091,-0.6224747369846816,-0.6224747369846816
0.014660892338146436,0.014660892338146436,-0.6186724409951873,-0.6186724409951873
0.01846317593705038,0.01846317593705038,-0.6148701573962831,-0.6148701573962831
0.022264328051612714,0.022264328051612714,-0.6110690052817208,-0.6110690052817208
0.02606358554365161,0.02606358554365161,-0.607269747789682,-0.607269747789682
0.029860506073392856,0.029860506073392856,-0.6034728272599408,-0.6034728272599408
0.03365493170237456,0.03365493170237456,-0.599678401630959,-0.599678401630959
0.037446951473186926,0.037446951473186926,-0.5958863818601465,-0.5958863818601465
0.04123686313245953,0.04123686313245953,-0.5920964702008741,-0.5920964702008741
0.04502513411793549,0.04502513411793549,-0.5883081992153981,-0.5883081992153981
0.04881236189154349,0.04881236189154349,-0.58452097144179,-0.58452097144179
0.0525992336697373,0.0525992336697373,-0.5807340996635965,-0.5807340996635965
0.05638648558141289,0.05638648558141289,-0.5769468477519206,-0.5769468477519206
0.06017486127360855,0.06017486127360855,-0.573158472059725,-0.573158472059725
0.06396506998692736,0.06396506998692736,-0.5693682633464062,-0.5693682633464062
0.06775774413699089,0.06775774413699089,-0.5655755891963427,-0.5655755891963427
0.07155339646576428,0.07155339646576428,-0.5617799368675693,-0.5617799368675693
0.07535199954080514,0.07535199954080514,-0.5579813337925283,-0.5579813337925283
0.07915224868182698,0.07915224868182698,-0.5541810846515066,-0.5541810846515066
0.08295290610295705,0.08295290610295705,-0.5503804272303764,-0.5503804272303764
0.08675304279819987,0.08675304279819987,-0.5465802905351336,-0.5465802905351336
0.09055201182176112,0.09055201182176112,-0.5427813215115725,-0.5427813215115725
0.09434942075841021,0.09434942075841021,-0.5389839125749234,-0.5389839125749234
0.0981451031947838,0.0981451031947838,-0.5351882301385498,-0.5351882301385498
0.10193908934721962,0.10193908934721962,-0.5313942439861139,-0.5313942439861139
0.10573157597088428,0.10573157597088428,-0.5276017573624493,-0.5276017573624493
0.10952289564689119,0.10952289564689119,-0.5238104376864424,-0.5238104376864424
0.11331348552000094,0.11331348552000094,-0.5200198478133327,-0.5200198478133327
0.1171038555403854,0.1171038555403854,-0.5162294777929481,-0.5162294777929481
0.12089455624970934,0.12089455624970934,-0.5124387770836243,-0.5124387770836243
0.12468614614519773,0.12468614614519773,-0.508647187188136,-0.508647187188136
0.12847915865601814,0.12847915865601814,-0.5048541746773153,-0.5048541746773153
-0.1318509591345693,-0.1318509591345693,-0.5010592645586307,-0.5010592645586307
-0.11395859696981848,-0.11395859696981848,-0.4972620156207206,-0.4972620156207206
-0.09606429238677536,-0.09606429238677536,-0.49346220578840594,-0.49346220578840594
-0.07818414727993504,-0.07818414727993504,-0.48966114100216307,-0.48966114100216307
-0.060333938903175996,-0.060333938903175996,-0.48586006205917065,-0.48586006205917065
-0.04252785909295054,-0.04252785909295054,-0.4820598828365905,-0.4820598828365905
-0.02477863454122113,-0.02477863454122113,-0.47826121913264064,-0.47826121913264064
-0.007097662777634878,-0.007097662777634878,-0.4744644187416246,-0.4744644187416246
0.010504838866774696,0.010504838866774696,-0.47066959256092544,-0.47066959256092544
0.0280196739464757,0.0280196739464757,-0.4668766465656432,-0.4668766465656432
0.04543849975378941,0.04543849975378941,-0.4630853145221522,-0.4630853145221522
0.06275365472935235,0.06275365472935235,-0.4592951913438027,-0.4592951913438027
0.07995798271079929,0.07995798271079929,-0.4555057670189674,-0.4555057670189674
0.09704465620849331,0.09704465620849331,-0.451716461062467,-0.451716461062467
0.11400700083597312,0.11400700083597312,-0.44792665745509275,-0.44792665745509275
0.13083832299729384,0.13083832299729384,-0.44413574004164824,-0.44413574004164824
0.1475317429460151,0.1475317429460151,-0.4403431283549576,-0.4403431283549576
0.1640800353802465,0.1640800353802465,-0.4365483138211197,-0.4365483138211197
0.18047571883220895,0.18047571883220895,-0.432750840631974,-0.432750840631974
0.1967089722478728,0.1967089722478728,-0.42895079747031895,-0.42895079747031895
0.21276445878373904,0.21276445878373904,-0.4251496045921511,-0.4251496045921511
0.22862799005399845,0.22862799005399845,-0.42134849166781496,-0.42134849166781496
0.24428707898646804,0.24428707898646804,-0.417548359581951,-0.417548359581951
0.25973076241999205,0.25973076241999205,-0.4137498097175999,-0.4137498097175999
0.2749494171407081,0.2749494171407081,-0.40995317447382873,-0.40995317447382873
0.28993457243101906,0.28993457243101906,-0.4061585488138605,-0.4061585488138605
0.30467872197204093,0.30467872197204093,-0.40236582267922194,-0.40236582267922194
0.3191751377121891,0.3191751377121891,-0.398574714141691,-0.398574714141691
0.33341768810508055,0.33341768810508055,-0.3947848031972543,-0.3947848031972543
0.34740066293940286,0.34740066293940286,-0.3909955661335285,-0.3909955661335285
0.3611186068384664,0.3611186068384664,-0.3872064104229608,-0.3872064104229608
0.37456616340079796,0.37456616340079796,-0.3834167101076046,-0.3834167101076046
0.387737931885036,0.387737931885036,-0.3796258416465126,-0.3796258416465126
0.400628338308616,0.400628338308616,-0.3758332201931027,-0.3758332201931027
0.4132315228232717,0.4132315228232717,-0.37203833625671656,-0.37203833625671656
0.42554157653220914,0.42554157653220914,-0.368240689185944,-0.368240689185944
0.4375510262707527,0.4375510262707527,-0.36444027267326884,-0.36444027267326884
0.44924785899701136,0.44924785899701136,-0.36063862249461953,-0.36063862249461953
0.46062134618201833,0.46062134618201833,-0.3568370674203384,-0.3568370674203384
0.47166239883512895,0.47166239883512895,-0.35303658407654803,-0.35303658407654803
0.48236334974305883,0.48236334974305883,-0.3492378280054067,-0.3492378280054067
0.4927177394056794,0.4927177394056794,-0.345441166059391,-0.345441166059391
0.5027201088136416,0.5027201088136416,-0.34164670990272494,-0.34164670990272494
0.5123658018433285,0.5123658018433285,-0.33785435043702605,-0.33785435043702605
0.5216507797094176,0.5216507797094176,-0.33406379300973066,-0.33406379300973066
0.5305714496240935,0.5305714496240935,-0.3302745933011173,-0.3302745933011173
0.5391245095697135,0.5391245095697135,-0.326486193817199,-0.326486193817199
0.5473068108990918,0.5473068108990918,-0.32269796094007264,-0.32269796094007264
0.5551152403312039,0.5551152403312039,-0.31890922250333353,-0.31890922250333353
0.5625466228030239,0.5625466228030239,-0.31511930586692105,-0.31511930586692105
0.5695976465600878,0.5695976465600878,-0.31132757646244613,-0.31132757646244613
0.5762648118059045,0.5762648118059045,-0.307533476766061,-0.307533476766061
0.5825445004390083,0.5825445004390083,-0.3037365055307565,-0.3037365055307565
0.5884330576369649,0.5884330576369649,-0.2999361814640429,-0.2999361814640429
0.5939240493118835,0.5939240493118835,-0.2961340211995578,-0.2961340211995578
0.5990117968213113,0.5990117968213113,-0.2923316161726902,-0.2923316161726902
0.6036919874368601,0.6036919874368601,-0.28853016091696904,-0.28853016091696904
0.6079614375104108,0.6079614375104108,-0.2847304864714383,-0.2847304864714383
0.6118178701266604,0.6118178701266604,-0.2809330953602668,-0.2809330953602668
0.6152597101376417,0.6152597101376417,-0.2771381978633497,-0.2771381978633497
0.6182858989697941,0.6182858989697941,-0.2733457493501409,-0.2733457493501409
0.6208957311580583,0.6208957311580583,-0.2695554885002509,-0.2695554885002509
0.6230887141981434,0.6230887141981434,-0.26576697628125834,-0.26576697628125834
0.6248644530158767,0.6248644530158767,-0.26197963559472937,-0.26197963559472937
0.6262225601247576,0.6262225601247576,-0.258192791533972,-0.258192791533972
0.6271625923687365,0.6271625923687365,-0.2544057122201002,-0.2544057122201002
0.6276840150125622,0.6276840150125622,-0.250617650195331,-0.250617650195331
0.6277861938296528,0.6277861938296528,-0.24682788435306277,-0.24682788435306277
0.6274684157279626,0.6274684157279626,-0.24303576237234534,-0.24303576237234534
0.6267299383266642,0.6267299383266642,-0.23924074359926792,-0.23924074359926792
0.6255701435089175,0.6255701435089175,-0.23544264958650737,-0.23544264958650737
0.6239891928025203,0.6239891928025203,-0.23164262560948354,-0.23164262560948354
0.621988081570202,0.621988081570202,-0.2278419746531408,-0.2278419746531408
0.6195683957084301,0.6195683957084301,-0.2240416829037087,-0.2240416829037087
0.6167321575502374,0.6167321575502374,-0.22024244962401915,-0.22024244962401915
0.6134816891853941,0.6134816891853941,-0.21644471443041993,-0.21644471443041993
0.6098194954769812,0.6098194954769812,-0.2126486856015409,-0.2126486856015409
0.6057481677567593,0.6057481677567593,-0.20885436925739034,-0.20885436925739034
0.6012703088938046,0.6012703088938046,-0.20506159927837833,-0.20506159927837833
0.5963884801925524,0.5963884801925524,-0.20127006786249843,-0.20127006786249843
0.5911051703817423,0.5911051703817423,-0.19747935664379093,-0.19747935664379093
0.5854227867963445,0.5854227867963445,-0.19368896831531976,-0.19368896831531976
0.5793436687203747,0.5793436687203747,-0.18989835871429675,-0.18989835871429675
0.5728701227380367,0.5728701227380367,-0.18610696933490087,-0.18610696933490087
0.5660044798217617,0.5660044798217617,-0.18231426023513705,-0.18231426023513705
0.5587491737558193,0.5587491737558193,-0.1785197432972472,-0.1785197432972472
0.5511068046136307,0.5511068046136307,-0.17472299846773529,-0.17472299846773529
0.5430800000830274,0.5430800000830274,-0.1709235922234926,-0.1709235922234926
0.5346749474116825,0.5346749474116825,-0.16712264159999077,-0.16712264159999077
0.5258989567782505,0.5258989567782505,-0.163321460156975,-0.163321460156975
0.5167592393824665,0.5167592393824665,-0.15952102780930547,-0.15952102780930547
0.5072628035789044,0.5072628035789044,-0.15572201948923206,-0.15572201948923206
0.4974163758191954,0.4974163758191954,-0.15192483509221646,-0.15192483509221646
0.48722634656763364,0.48722634656763364,-0.14812963049556724,-0.14812963049556724
0.47669874105498344,0.47669874105498344,-0.14433634947731558,-0.14433634947731558
0.46583921450176025,0.46583921450176025,-0.14054475639915023,-0.14054475639915023
0.45465307126422694,0.45465307126422694,-0.13675446955024798,-0.13675446955024798
0.44314530722083123,0.44314530722083123,-0.13296499507710516,-0.13296499507710516
0.43132067460932155,0.43132067460932155,-0.12917576144677403,-0.12917576144677403
0.41918376843044347,0.41918376843044347,-0.12538615440620668,-0.12538615440620668
0.4067391334378213,0.4067391334378213,-0.12159555240781836,-0.12159555240781836
0.3939913906208169,0.3939913906208169,-0.11780336247018988,-0.11780336247018988
0.3809453819444264,0.3809453819444264,-0.11400905643247264,-0.11400905643247264
0.3676062479169965,0.3676062479169965,-0.11021218387672535,-0.11021218387672535
0.3539801097188904,0.3539801097188904,-0.10641255083682047,-0.10641255083682047
0.3400787374428893,0.3400787374428893,-0.10261145833667987,-0.10261145833667987
0.3259144676653507,0.3259144676653507,-0.09881021527419795,-0.09881021527419795
0.31149885928759247,0.31149885928759247,-0.09500979430364526,-0.09500979430364526
0.2968426678521625,0.2968426678521625,-0.0912108609391907,-0.0912108609391907
0.28195584551721264,0.28195584551721264,-0.08741380394620815,-0.08741380394620815
0.26684756560215483,0.26684756560215483,-0.08361876680760516,-0.08361876680760516
0.2515262704356205,0.2515262704356205,-0.07982568009153096,-0.07982568009153096
0.23599974111543556,0.23599974111543556,-0.07603429458401711,-0.07603429458401711
0.22027518771378077,0.22027518771378077,-0.07224421508375864,-0.07224421508375864
0.20435935841223787,0.20435935841223787,-0.06845493478494521,-0.06845493478494521
0.18825866601486183,0.18825866601486183,-0.06466587019655676,-0.06466587019655676
0.1719793302470846,0.1719793302470846,-0.06087639656182456,-0.06087639656182456
0.15552753419016432,0.15552753419016432,-0.057085883748690086,-0.057085883748690086
0.138909593112698,0.138909593112698,-0.05329373258038311,-0.05329373258038311
0.12213213383244789,0.12213213383244789,-0.0494994115640876,-0.0494994115640876
0.10520208901838238,0.10520208901838238,-0.045702450719100146,-0.045702450719100146
0.08812696354091526,0.08812696354091526,-0.041902496511440734,-0.041902496511440734
0.07092222692658692,0.07092222692658692,-0.038100934302023826,-0.038100934302023826
0.053603818275411164,0.053603818275411164,-0.03429919304820017,-0.03429919304820017
0.036186246065473854,0.036186246065473854,-0.03049833923642467,-0.03049833923642467
0.018682647313486067,0.018682647313486067,-0.026699107852673293,-0.026699107852673293
0.0011048706259552676,0.0011048706259552676,-0.02290193476077962,-0.02290193476077962
-0.016536419201245392,-0.016536419201245392,-0.019106990247826833,-0.019106990247826833
-0.03423161740876389,-0.03423161740876389,-0.015314213540783939,-0.015314213540783939
-0.05197203867897632,-0.05197203867897632,-0.011523348141592588,-0.011523348141592588
-0.06974976202385347,-0.06974976202385347,-0.007733977867017849,-0.007733977867017849
-0.08755746339732887,-0.08755746339732887,-0.003945563513150646,-0.003945563513150646
-0.10538823821938184,-0.10538823821938184,-0.00015748009104946115,-0.00015748009104946115
-0.12323541596653478,-0.12323541596653478,0.0036309454015526488,0.0036309454015526488
-0.6259129376350039,-0.6259129376350039,0.0074203956983296265,0.0074203956983296265
-0.6221218088344117,-0.6221218088344117,0.011211524498921599,0.011211524498921599
-0.6183284160750872,-0.6183284160750872,0.015004917258246167,0.015004917258246167
-0.6145322797818472,-0.6145322797818472,0.01880105355148616,0.01880105355148616
-0.610732770658116,-0.610732770658116,0.02260056267521726,0.02260056267521726
-0.60693097838926,-0.60693097838926,0.026402354944073322,0.026402354944073322
-0.6031285824169227,-0.6031285824169227,0.03020475091641056,0.03020475091641056
-0.59932686093567,-0.59932686093567,0.03400647239766329,0.03400647239766329
-0.5955267235709154,-0.5955267235709154,0.0378066097624179,0.0378066097624179
-0.5917287456900697,-0.5917287456900697,0.04160458764326362,0.04160458764326362
-0.5879332040568195,-0.5879332040568195,0.04540012927651388,0.04540012927651388
-0.5841401135910885,-0.5841401135910885,0.04919321974224472,0.04919321974224472
-0.5803492650483436,-0.5803492650483436,0.05298406828498982,0.05298406828498982
-0.5765602634791981,-0.5765602634791981,0.05677306985413509,0.05677306985413509
-0.5727725673717889,-0.5727725673717889,0.06056076596154425,0.06056076596154425
-0.5689855284134042,-0.5689855284134042,0.06434780491992914,0.06434780491992914
-0.5651984318328803,-0.5651984318328803,0.06813490150045295,0.06813490150045295
-0.5614105373000787,-0.5614105373000787,0.07192279603325463,0.07192279603325463
-0.5576211203622602,-0.5576211203622602,0.07571221297107315,0.07571221297107315
-0.5538295143885302,-0.5538295143885302,0.07950381894480307,0.07950381894480307
-0.5500351529720816,-0.5500351529720816,0.0832981803612518,0.0832981803612518
-0.5462376899322161,-0.5462376899322161,0.08709564340111711,0.08709564340111711
-0.5424379639499887,-0.5424379639499887,0.09089536938334461,0.09089536938334461
-0.5386373428979746,-0.5386373428979746,0.09469599043535867,0.09469599043535867
-0.5348368848098785,-0.5348368848098785,0.09849644852345481,0.09849644852345481
-0.5310373540079537,-0.5310373540079537,0.10229597932537962,0.10229597932537962
-0.5272392481770947,-0.5272392481770947,0.10609408515623861,0.10609408515623861
-0.5234428265150272,-0.5234428265150272,0.10989050681830631,0.10989050681830631
-0.5196481387891381,-0.5196481387891381,0.11368519454419518,0.11368519454419518
-0.5158550551621536,-0.5158550551621536,0.11747827817117971,0.11747827817117971
-0.5120632966783256,-0.5120632966783256,0.12127003665500763,0.12127003665500763
-0.5082724663277655,-0.5082724663277655,0.12506086700556787,0.12506086700556787
-0.5044820806279572,-0.5044820806279572,0.1288512527053761,0.1288512527053761
-0.5006916016773483,-0.5006916016773483,-0.13011839121472712,-0.13011839121472712
-0.4969004696454288,-0.4969004696454288,-0.11225538978777402,-0.11225538978777402
-0.4931081356662069,-0.4931081356662069,-0.09439775175522404,-0.09439775175522404
-0.4893140950969307,-0.4893140950969307,-0.07655299413140006,-0.07655299413140006
-0.4855179210908884,-0.4855179210908884,-0.0587290250470079,-0.0587290250470079
-0.4817190989474043,-0.4817190989474043,-0.040933371762739576,-0.040933371762739576
-0.4779183654299697,-0.4779183654299697,-0.023179438800139604,-0.023179438800139604
-0.4741171203399621,-0.4741171203399621,-0.0054836738458006185,-0.0054836738458006185
-0.47031642338658164,-0.47031642338658164,0.012139163739210285,0.012139163739210285
-0.46651702151251484,-0.46651702151251484,0.029675880679018246,0.029675880679018246
-0.46271937862730494,-0.46271937862730494,0.04711470718989824,0.04711470718989824
-0.45892370646334457,-0.45892370646334457,0.0644451419243269,0.0644451419243269
-0.45512999637219176,-0.45512999637219176,0.08165778723654202,0.08165778723654202
-0.45133805191606713,-0.45133805191606713,0.09874417741544186,0.09874417741544186
-0.4475475221435342,-0.4475475221435342,0.11569660238502966,0.11569660238502966
-0.4437579354680353,-0.4437579354680353,0.1325079292349783,0.1325079292349783
-0.4399687340919175,-0.4399687340919175,0.14917142382663848,0.14917142382663848
-0.4361793089357283,-0.4361793089357283,0.16568057463201288,0.16568057463201288
-0.43238903504199255,-0.43238903504199255,0.18202892091097236,0.18202892091097236
-0.4285973074236108,-0.4285973074236108,0.198209887317755,0.198209887317755
-0.42480357731886786,-0.42480357731886786,0.21421662705099712,0.21421662705099712
-0.42100738849642416,-0.42100738849642416,0.2300418769644624,0.2300418769644624
-0.41720834186159617,-0.41720834186159617,0.2456781197899062,0.2456781197899062
-0.41340744473051627,-0.41340744473051627,0.2611121544816999,0.2611121544816999
-0.4096061020815097,-0.4096061020815097,0.2763295132749787,0.2763295132749787
-0.4058053738652493,-0.4058053738652493,0.29131751669179096,0.29131751669179096
-0.40200600387601737,-0.40200600387601737,0.3060650895965634,0.3060650895965634
-0.3982084499780728,-0.3982084499780728,0.3205625712092597,0.3205625712092597
-0.3944129154626488,-0.3944129154626488,0.33480152230789595,0.33480152230789595
-0.39061938135082086,-0.39061938135082086,0.34877453259137847,0.34877453259137847
-0.3868276394957011,-0.3868276394957011,0.36247503091626077,0.36247503091626077
-0.38303732637244703,-0.38303732637244703,0.3758971008816976,0.3758971008816976
-0.3792479574749509,-0.3792479574749509,0.3890353040266178,0.3890353040266178
-0.3754589622625035,-0.3754589622625035,0.4018845127292201,0.4018845127292201
-0.37166971961710404,-0.37166971961710404,0.4144397547647398,0.4144397547647398
-0.3678795937814725,-0.3678795937814725,0.4266960713830745,0.4266960713830745
-0.36408797074842414,-0.36408797074842414,0.43864839070959327,0.43864839070959327
-0.3602942950634952,-0.3602942950634952,0.45029141824352736,0.45029141824352736
-0.356498106210841,-0.356498106210841,0.4616195484927793,0.4616195484927793
-0.3526988390244036,-0.3526988390244036,0.4726274709481152,0.4726274709481152
-0.34889748730648473,-0.34889748730648473,0.4833055215382489,0.4833055215382489
-0.3450956010117151,-0.3450956010117151,0.4936430667704591,0.4936430667704591
-0.3412943556832524,-0.3412943556832524,0.5036311821955003,0.5036311821955003
-0.3374945832689441,-0.3374945832689441,0.5132624269430198,0.5132624269430198
-0.33369680443685557,-0.33369680443685557,0.5225306225846201,0.5225306225846201
-0.32990126213259185,-0.32990126213259185,0.5314306396476463,0.5314306396476463
-0.32610795616700516,-0.32610795616700516,0.5399581946889244,0.5399581946889244
-0.32231667866753844,-0.32231667866753844,0.5481096604592997,0.5481096604592997
-0.3185270502676313,-0.3185270502676313,0.5558818913577548,0.5558818913577548
-0.3147385569445972,-0.3147385569445972,0.5632720660941565,0.5632720660941565
-0.310950587445636,-0.310950587445636,0.5702775492535546,0.5702775492535546
-0.30716247126290896,-0.30716247126290896,0.5768957732794507,0.5768957732794507
-0.30337351713075433,-0.30337351713075433,0.5831241422618363,0.5831241422618363
-0.29958305202024016,-0.29958305202024016,0.5889599588176961,0.5889599588176961
-0.2957904605976054,-0.2957904605976054,0.5944003752738942,0.5944003752738942
-0.2919952250931699,-0.2919952250931699,0.5994423702888915,0.5994423702888915
-0.2881968057601745,-0.2881968057601745,0.6040829385433452,0.6040829385433452
-0.28439569510191487,-0.28439569510191487,0.6083179602634372,0.6083179602634372
-0.28059358333660767,-0.28059358333660767,0.6121426035174715,0.6121426035174715
-0.276791807031853,-0.276791807031853,0.6155532907227791,0.6155532907227791
-0.27299133741037085,-0.27299133741037085,0.6185475244556418,0.6185475244556418
-0.2691928132135343,-0.2691928132135343,0.6211236730898866,0.6211236730898866
-0.2653965749315854,-0.2653965749315854,0.6232807737869045,0.6232807737869045
-0.2616027001620653,-0.2616027001620653,0.6250183551416879,0.6250183551416879
-0.2578110399064363,-0.2578110399064363,0.6263362813485199,0.6263362813485199
-0.2540212556602828,-0.2540212556602828,0.6272346193782176,0.6272346193782176
-0.25023285719291377,-0.25023285719291377,0.6277135303554398,0.6277135303554398
-0.24644524094598255,-0.24644524094598255,0.6277731860839061,0.6277731860839061
-0.24265772900644159,-0.24265772900644159,0.6274137114799098,0.6274137114799098
-0.23886960862552595,-0.23886960862552595,0.6266351535273613,0.6266351535273613
-0.2350801722614633,-0.2350801722614633,0.6254374772452869,0.6254374772452869
-0.23128875811839547,-0.23128875811839547,0.6238205890436208,0.6238205890436208
-0.22749479113689566,-0.22749479113689566,0.6217843877162182,0.6217843877162182
-0.22369784188416933,-0.22369784188416933,0.619328855455345,0.619328855455345
-0.21989837991776154,-0.21989837991776154,0.6164547511491103,0.6164547511491103
-0.21609777911270392,-0.21609777911270392,0.6131641085235868,0.6131641085235868
-0.21229716835787335,-0.21229716835787335,0.6094595437061211,0.6094595437061211
-0.20849737486133238,-0.20849737486133238,0.6053440512600577,0.6053440512600577
-0.20469895121897028,-0.20469895121897028,0.600820868157821,0.600820868157821
-0.20090220360748237,-0.20090220360748237,0.5958933582003223,0.5958933582003223
-0.19710722092345037,-0.19710722092345037,0.5905649178029051,0.5905649178029051
-0.19331390472281304,-0.19331390472281304,0.5848389037615656,0.5848389037615656
-0.18952199984557114,-0.18952199984557114,0.5787185833605192,0.5787185833605192
-0.1857311256378221,-0.1857311256378221,0.572207106977091,0.572207106977091
-0.18194080770603208,-0.18194080770603208,0.5653075031739523,0.5653075031739523
-0.1781505101558086,-0.1781505101558086,0.5580226961314066,0.5580226961314066
-0.174359668278489,-0.174359668278489,0.5503555451521378,0.5503555451521378
-0.17056772165289322,-0.17056772165289322,0.5423089058549716,0.5423089058549716
-0.1667741476260289,-0.1667741476260289,0.5338857125500577,0.5338857125500577
-0.16297849512494542,-0.16297849512494542,0.5250890811427196,0.5250890811427196
-0.15918026942005079,-0.15918026942005079,0.5159220642714825,0.5159220642714825
-0.15537981815640048,-0.15537981815640048,0.5063898987370907,0.5063898987370907
-0.151578578548786,-0.151578578548786,0.4965010552249579,0.4965010552249579
-0.1477776834371308,-0.1477776834371308,0.48626391065293906,0.48626391065293906
-0.143977946338235,-0.143977946338235,0.4756865458406936,0.4756865458406936
-0.140179890923834,-0.140179890923834,0.46477667024826974,0.46477667024826974
-0.13638378166719226,-0.13638378166719226,0.4535415720478547,0.4535415720478547
-0.132589655467341,-0.132589655467341,0.4419880932716267,0.4419880932716267
-0.12879735409772705,-0.12879735409772705,0.43012262953580116,0.43012262953580116
-0.12500655736101954,-0.12500655736101954,0.41795115365828506,0.41795115365828506
-0.12121681686262872,-0.12121681686262872,0.40547926235149434,0.40547926235149434
-0.11742759034084624,-0.11742759034084624,0.3927122450683177,0.3927122450683177
-0.11363827651025687,-0.11363827651025687,0.37965517399257653,0.37965517399257653
-0.10984825038628751,-0.10984825038628751,0.3663130140803742,0.3663130140803742
-0.10605689906162014,-0.10605689906162014,0.3526907519608471,0.3526907519608471
-0.10226365789906353,-0.10226365789906353,0.3387935423801476,0.3387935423801476
-0.0984680470898911,-0.0984680470898911,0.3246268707091635,0.3246268707091635
-0.09466960719628484,-0.09466960719628484,0.31019634165067367,0.31019634165067367
-0.0908689551905528,-0.0908689551905528,0.2955118056941113,0.2955118056941113
-0.087067568230664,-0.087067568230664,0.2805868405064277,0.2805868405064277
-0.08326658947550872,-0.08326658947550872,0.265434193036982,0.265434193036982
-0.07946683730254392,-0.07946683730254392,0.2500656851378861,0.2500656851378861
-0.07566883540791769,-0.07566883540791769,0.23449221856198157,0.23449221856198157
-0.07187284409234446,-0.07187284409234446,0.21872380479849643,0.21872380479849643
-0.06807889253720131,-0.06807889253720131,0.20276961830909743,0.20276961830909743
-0.06428681191447785,-0.06428681191447785,0.1866380716058991,0.1866380716058991
-0.06049626921053988,-0.06049626921053988,0.17033691054239528,0.17033691054239528
-0.05670680167560824,-0.05670680167560824,0.153873328150716,0.153873328150716
-0.05291785183706374,-0.05291785183706374,0.1372540953372776,0.1372540953372776
-0.0491288030340169,-0.0491288030340169,0.12048570672744693,0.12048570672744693
-0.045339015442025815,-0.045339015442025815,0.1035745399136811,0.1035745399136811
-0.04154786255958898,-0.04154786255958898,0.08652702629789924,0.08652702629789924
-0.03775476812141834,-0.03775476812141834,0.06934983161708375,0.06934983161708375
-0.03395924338701137,-0.03395924338701137,0.05205004409370037,0.05205004409370037
-0.030161840768500342,-0.030161840768500342,0.0346395794044273,0.0346395794044273
-0.026364389220672163,-0.026364389220672163,0.017136395950278188,0.017136395950278188
-0.022566958730084796,-0.022566958730084796,-0.00044948116413442984,-0.00044948116413442984
-0.018769539640953847,-0.018769539640953847,-0.018108346210417167,-0.018108346210417167
-0.014972114311491452,-0.014972114311491452,-0.0358304912152725,-0.0358304912152725
-0.011174667369205332,-0.011174667369205332,-0.05360616358179027,-0.05360616358179027
-0.007377195943278431,-0.007377195943278431,-0.07142552289874311,-0.07142552289874311
-0.0035797198473693226,-0.0035797198473693226,-0.08927859762116477,-0.08927859762116477
